{
  "RM-001": {
    "resource": "rm_v",
    "description": "View Resource Manager",
    "origin": {
      "online": "onl",
      "offline": "ofl"
    }
  },
  "PM-001": {
    "resource": "cm_v",
    "description": "View Customer",
    "origin": {
      "online": "ofl",
      "offline": "ofl"
    }
  },
  "PM-002": {
    "resource": "cm_c",
    "description": "Register Customer",
    "origin": {
      "online": "onl",
      "offline": "ofl"
    }
  },
  "DB-001": {
    "resource": "COMMON",
    "description": "Dashboard",
    "origin": {
      "online": "",
      "offline": ""
    }
  },
  "OM-001": {
    "resource": "om_c",
    "description": "New Order",
    "origin": {
      "online": "",
      "offline": ""
    }
  },
  "OM-002": {
    "resource": "om_v",
    "description": "View Delivery",
    "origin": {
      "online": "",
      "offline": ""
    }
  },
  "RP-001": {
    "resource": "rp_v",
    "description": "Dashboard",
    "origin": {
      "online": "",
      "offline": ""
    }
  }
}