[
  {
    "label": "Customer Management",
    "usecase": "PM-001, PM-002",
    "urlPath": "#",
    "subItems": [
      {
        "label": "Search Customer",
        "usecase": "PM-001",
        "urlPath": "app.customerSearch",
        "class": "fa fa-search"
      },
      {
        "label": "New Customer",
        "usecase": "PM-002",
        "urlPath": "app.customerRegistration",
        "class": "fa fa-plus-square"
      }
    ]
  },
  {
    "label": "Order Management",
    "usecase": "OM-001, OM-002",
    "urlPath": "app.dashboard",
    "subItems": [
      {
        "label": "New Order",
        "usecase": "OM-001",
        "urlPath": "app.dashboard",
        "class": "fa fa-plus-square"
      },
      {
        "label": "Pending Deliveries",
        "usecase": "OM-002",
        "urlPath": "app.dashboard",
        "class": "fa fa-mail-forward"
      }
    ]
  },
  {
    "label": "Reports",
    "usecase": "RP-001",
    "urlPath": "app.dashboard",
    "class": "fa fa-newspaper-o"
  }
]